x1,x2,x3,y
-1.0,0.5507592046216709,0.5656858602678578,-4.379702046090347
-0.909967784906691,0.00799900314860258,0.7929493302588102,-1.083227574631462
0.35935160405497,-0.36611887401962084,-0.9404639693042167,-2.143954661413623
-1.0,0.5619952841200213,0.5014054359809417,-3.9732594116603015
0.5643211167107536,1.0,-0.5355034835794108,10.907191080611089
-0.2810869437346355,-0.952922495603874,-0.2796742654586257,2.4921563356928096
-0.17309042101510452,0.8509655903529172,0.7062873831740486,4.863806528296345
-0.2263661436219413,-0.4544813091604347,0.9007961724290026,-0.4632966356618655
-0.3577083951634479,-0.44585799273951343,0.08303467218711091,0.1773899059820998
0.20497760995888425,-1.0,1.0,-7.5406895366457185
0.06636658588587152,-0.12082853617168121,0.06496461113173502,1.2876116847297516
-1.0,1.0,0.09788543521542126,6.625379686099228
0.3501587258345902,-1.0,0.48678003614550636,-0.06281925207674494
-0.1439298155464166,0.6521100025499273,-0.6453057181336059,0.2193282049500749
0.39980898375362184,1.0,-0.24527932772808314,9.232534070287059
0.39220997236395405,-0.1141666716887677,-0.4968856728358886,1.1895219239406136
1.0,-0.07800379425808668,-0.2317777369445737,4.26217187803263
-0.4190636619963086,-0.6870588175752848,-0.5384342697936833,0.8867032531035681
-1.0,0.7590021175413277,0.302005364168648,-2.4844048615037058
0.8439406315109597,-0.8173659553698078,1.0,-3.853821049782759
1.0,-0.923903451245554,0.0033889150731263307,-3.0921417020969146
-0.030165637854938865,-0.3601557901336325,0.9427749294691061,-0.3058205411881014
0.05781758968908868,-0.7855616558226199,-0.14943084143112495,2.574529399645462
-0.2747116768181497,1.0,-0.6537656491906181,6.856410359890279
-0.898708043619098,-0.07548245310821433,0.038586302050106935,-2.415336586026752
-1.0,0.203467194926519,-0.3449011689824306,-2.6253502210188597
-0.39965898530810295,-0.9994923594273524,-0.3739805857103229,2.256122076078074
-0.6840105237944327,-0.711589230784216,1.0,3.2165227082747014
0.7168820209344233,0.7302641996933041,-0.32080000485573335,2.337574797654559
0.30910697544864907,0.4635471553881738,-0.44556804843585507,0.3535773972569468
-0.22464332623417826,0.018045658212895832,-1.0,-2.7598593324136997
0.6860319418996326,-0.13235984932561196,0.2226693841435332,2.7398576293339265
-0.28268241021068774,-0.3213507350309377,-0.25881552916255646,0.8607827781193055
0.8784286782075381,-0.013816975116252905,-0.16630327141383616,2.0328441556661963
1.0,-1.0,0.0733904297329897,-8.663510824857251
0.475467914641607,0.9934689647748762,-1.0,6.548813653209917
0.0376038563029224,-0.27915199191398954,1.0,-0.7885697589096798
1.0,-0.5724830262267597,-0.42135566132212476,4.71170968653086
0.6300893421207729,-0.08032763287333955,-0.4198358820627428,1.2115674322730974
-0.6451806794218333,-0.17161059720022287,-0.31186422305073225,0.018271423639318572
-0.6429142637900906,-0.5224488554847375,0.0672464453439019,1.3682104315071408
0.5563056586560964,0.09389731116271172,-0.961676217418554,-2.1774305757029015
-0.57644022310117,-0.7519509891681029,-0.3353744470757629,1.8296868394080898
1.0,0.32386444727778296,1.0,19.089003334961326
-1.0,-0.2405884757958141,-0.11956777951719944,-3.0248430501407886
-1.0,-0.8271066342502869,-0.1757941838873227,3.3302523242685544
-0.3162526330101494,-0.44370981716856006,1.0,0.44841012691915155
0.3279033800281035,0.7501084736022627,1.0,6.286211271031652
-0.967626617708677,-0.03293323732476239,1.0,2.9217493057048136
0.34055320869301076,1.0,-1.0,5.88524676015438
-1.0,-0.33630029206706924,0.7831986480833466,0.4929790185209626
1.0,1.0,-0.41703989772167693,19.080941332038957
-0.08549093145877373,0.8470361956794432,-0.18832327407497917,2.583235734686311
0.37929414826517394,-1.0,0.4251152848116113,0.28805555687710016
-1.0,0.6366520246301612,-1.0,19.956354419512113
-0.07154075068658261,0.3331585584079644,-1.0,-2.843609641034523
-0.8820908579594164,1.0,1.0,15.657884185591532
0.189100657512137,0.07365768110899173,0.5481562590584863,-0.04368947253478761
0.5790741086288214,0.14566144274527182,-0.038642820026719704,1.7597454998523971
0.039944175238365576,0.23748812970786548,0.5693168486844515,0.19254618657418177
-0.14450851851631352,-0.7575338805369831,0.2278857777513401,1.539330808439428
-0.3473694880795646,-0.9438826983663609,-1.0,-12.205254903832309
1.0,0.30445966104488575,0.1999599100756777,7.277976695405479
0.9150335696299656,0.5246994742681006,1.0,16.548191983467802
-0.46262246289880093,-0.4157764583102428,-0.4725574290590624,1.1740766342633295
-1.0,0.08564467720477364,1.0,3.0383304758511387
-0.18730450468075488,-0.39541902819231356,-1.0,-3.61451613746359
0.6810955294866576,-0.1020300761584989,-1.0,-2.7969133279374057
-0.22153880413249039,0.2033467685725472,-1.0,-3.188558687993672
1.0,0.5516015975174682,0.8801154133893982,17.799432845499606
0.5613162104758949,-1.0,1.0,-7.059115889559105
0.2612729330699175,0.21522003982664417,0.7923381051595053,0.4630366911004829
-0.8093480689808124,0.5212333885760416,0.6061821873067403,-2.3746601549732635
0.04720368743003012,-0.8470226503724705,-1.0,-11.902539818639333
-0.2598135565339521,0.8520520439703929,0.4051550688178094,2.353142692423405
-0.7777342586115457,-0.02306956884926281,-0.47581039681509085,-0.6408571461834376
0.12883652633090636,0.7569671503045929,-0.2315666749770624,2.0901006123714723
0.6039162817866084,-0.052119136257187115,-1.0,-2.0926254179034376
-0.11293222763305533,0.7590555258047673,1.0,8.044052115829611
0.20956626984763682,-0.9118188700627019,-1.0,-13.084900788578635
0.37154651814895123,0.08229905616838185,1.0,0.9302184348720579
-1.0,0.03754347686059156,1.0,4.019523750148851
1.0,1.0,0.2807595515416519,12.904601975070234
0.44529335469871234,-1.0,-1.0,-21.95587772987756
1.0,-0.2983195065370974,-0.8512373589304527,7.0454451840290835
1.0,0.23008177690176823,-0.013468672009743887,5.09247328168573
-1.0,0.42796116331823786,0.19129628112288222,-3.6364318077636764
0.6023391765476946,-0.6738220999176852,-0.8231585386872213,-1.7941750116524635
0.6867902455672243,0.08185089900158715,-0.8634227234839156,0.7238472845645547
0.4497089432984964,-1.0,-1.0,-21.87134618190103
0.1289888013301983,-0.5255406112921259,0.20895413236839389,1.332762530707463
-0.4032657885398754,0.253289669909351,1.0,2.103368366942819
1.0,-0.9264964345614826,0.7721366663546705,-1.978510380496948
-0.6912547624178855,0.5886901027528126,-0.3821690476829809,-3.3992341285146197
0.46393479935105275,-0.23523836160398415,-1.0,-4.258165021107054
-1.0,-0.9430301878270615,0.019983485211802154,6.407091761242342
0.09975970563810677,0.47894874264552123,-0.6746877566080647,0.18992690781574434
-1.0,-1.0,1.0,22.165687633511624
0.1973535512021709,-0.6120928943640422,-0.6322249195823268,0.27223267322371913
0.8603280463967926,1.0,1.0,17.591336394676222
-1.0,0.8471088659465056,1.0,12.146760302150483
-1.0,-1.0,-1.0,2.5757208753295986
1.0,0.1861428617771006,0.5585848828128577,8.779077438974138
-0.6017174483645578,-0.5489796749448685,-0.5573745930903418,1.2623090202960778
-0.2221136012646341,0.6516782018388743,1.0,5.949831741166101
-0.8187802907442303,0.458249537374126,-0.05186891976792962,-3.230875279457124
0.38443366284962033,-0.26024437683950485,0.4383065634452288,1.8622360374791964
0.2490741991030354,0.18140861958538945,0.11611850797681611,0.9987991500422142
-0.39411015505417524,-0.4660361154534589,0.53629061260971,0.5770141684414422
0.9589235699352296,-0.06056872931308699,0.5467582790256009,5.139674279196965
-1.0,1.0,-0.20684012780987038,10.768100171652206
0.1403085260958734,-0.5380729327152272,0.06960727874735584,1.5695753673945663
-0.795444446817902,1.0,-0.8819915620028724,3.167727268674797
0.6528779599864669,-0.7040541306604966,-1.0,-9.291765480619926
-0.10787293338884862,0.1081932822691496,0.6718723503338111,0.06584349862064096
-1.0,-0.5208288517506905,-0.04247869183668995,-1.5417925411644924
-1.0,-0.5362150688534864,-0.8604093784005782,1.828022897399732
0.008441881208512969,0.15087183738112708,-0.5049446300194962,0.55985620356602
-0.5278007368976247,0.5256704315374121,-0.7103940496908583,-1.3145558965794233
-1.0,-0.2656220860981453,-1.0,7.195955951920727
0.717863373929835,-0.1159787910501151,0.8277519780522711,1.6323021317252437
-0.3585507472808389,-0.6681747007320378,-0.12701226038195834,2.412872045622005
-0.5268748564362362,-0.8806602347539505,0.1522224532133425,2.9075323885211715
-1.0,0.14138591008102863,0.1068291280113065,-4.368772820192446
-0.0002553997623233606,-0.07013996959904412,-1.0,-3.7983552540207937
-0.03638035587513899,0.09863276892515827,1.0,1.2228895217183102
0.6344995238313609,-0.6207968324188327,-0.18293721378503647,-0.06772778199848561
-0.367616925416161,0.5005525223252267,1.0,4.228544024486437
-0.584071716998434,0.9304449726110551,0.8374120314081808,6.718125143260952
-0.6448403433483156,1.0,-0.24127363101925914,5.368172829187918
0.33984917279673077,-0.23281094075674402,0.36023329729564746,1.2367764632050509
0.07769529941651632,1.0,-0.005952490083221074,7.751442315577144
-0.000929747993877239,-0.9913758007277607,0.27782204299523605,1.6465765020569476
0.04861083026052038,0.8078462090468028,-0.18881267106944155,2.6985916171679705
0.18411376465726215,0.3951948251303201,-0.2530207037224239,0.5771229029059314
-0.4128895514948141,-0.5533827495176991,-0.36129337753361446,0.41762668026768635
0.01731518475666949,-0.9387191874984377,0.7504736390886086,-0.9036915505986282
0.6787257167655631,-0.0599682116621274,0.7290136138792658,1.9993454825778851
0.9812069798553409,0.5517804514293168,-0.28735508076731,5.589708260465719
-0.2039167193749427,0.25303838062687234,-0.21985374480451503,0.1064584311824816
-0.7621684235117134,0.03520599537568758,-0.08123488479755814,-1.4639270607558843
0.1041993170244595,0.08758397788724892,0.5109463885176546,0.30896973658441673
-1.0,-1.0,-0.4744132510108767,5.226133196417991
-0.2078117307845928,0.13732092530291506,0.2485684327587716,0.4637919498455436
-0.15578946551201067,-0.3431023249208607,1.0,-0.2583695790659498
-1.0,1.0,-0.06073465464284955,8.058826524175602
-0.5797726854569569,-1.0,0.632650030965173,3.2553728588495026
0.3014885778886369,-0.7122661479736698,0.1798378837966832,0.9923871096362316
1.0,-0.8934534063303257,1.0,-3.878080888981953
-0.1460968358555943,-1.0,-0.07683475141615759,2.907894561977784
1.0,0.008906075149192949,0.8112114151497656,9.729796101965743
1.0,-0.18496365428854755,-1.0,6.719675727090818
0.3611043687263613,0.6723478631544157,0.1538581072811922,1.4140514208715862
0.7724724218624939,-1.0,-0.21134930497905535,-3.5219457094677633
-0.704650167769082,0.8239209220936252,0.07881316877519917,-0.8293105626791452
-0.005897076848036864,-0.9549695893590593,0.34705356827511324,1.4077847886732808
-0.23368591653696735,-0.47750585919671873,0.1895467231825203,1.6618705991533052
0.8184528325725771,0.5117843162895099,1.0,10.83501836723032
0.49182771371129763,-1.0,0.712536652887626,-1.7477462288581742
0.5022765444646373,0.3501144144163588,0.10210138437264571,2.1206125541089866
-1.0,0.18082733263965634,0.21141050612923062,-3.9049950607415065
0.47951833430264856,-0.6967840397840894,-0.575324487291087,1.0088091123411629
-0.6470954753131846,0.3368606367516256,-0.27297589615984985,-1.7139832191157425
0.21293486843091403,-0.43623669837347534,-1.0,-5.517787024752832
1.0,-0.6816094681793505,-0.7757166575743737,2.401108670186625
-0.5390348778903196,0.6385747652230203,-0.9394498046540409,-2.5601008043822615
0.23656653064121858,0.1434886959462791,-0.5876402503796314,1.1571459171525593
0.06196360598280015,-0.07832563630295475,-0.03688873127820891,0.6586612225089341
-0.4368605800006622,-1.0,-0.13535381891311116,3.4158126570512026
0.6962006412884034,-0.8620956246449638,0.11408330470216765,0.2603130497189303
0.21373229878769084,1.0,-0.36114514507696627,9.484136375951985
1.0,-0.3245117352180922,-0.9320601999408791,6.558397995877614
0.7024358123732835,0.040913831027366454,1.0,1.9237111052315112
0.008106786840325508,0.5743000908213101,0.6278755219717724,0.808344691881346
-0.3354757189788464,1.0,1.0,14.913407228640004
-1.0,-0.2656854765740675,0.3857756423200793,-2.759892846778461
-0.6289927314630874,1.0,1.0,16.664142530174896
-0.11505844828172318,-0.1791794648676175,1.0,-0.17037678887781088
1.0,1.0,1.0,26.00439043613538
1.0,0.4072877419508043,-0.80821043385164,7.542898220655009
0.015290592484462628,0.3450923097127061,-0.48665529513363404,0.09012589976472268
0.061311903610786755,0.7104164089398111,-0.24396610306650413,1.034012488732957
-0.3945702787655181,-0.2588284679936983,-0.2534240268357042,0.2991223878534581
0.23753751688123126,0.07893476676252797,-1.0,-3.1599307426289243
1.0,0.1596691535269501,1.0,15.469508292717157
0.33946728561783224,-0.8234313557083464,-1.0,-11.39990921904888
0.312949429418357,1.0,0.9837527341421746,10.117945344736887
0.953464061647858,-1.0,-0.22604428547726818,-6.63796123957993
-0.16126369151023456,0.31999470209420267,-1.0,-2.847200487788597
-0.5114639645001458,-1.0,0.04050923895561165,4.2847386072799765
1.0,-0.7273913986105272,-0.2127884251319403,2.7361799716752895
0.042495850342640695,-1.0,0.04058512234834866,1.80897953871638
1.0,-1.0,0.2552600111737373,-8.036297714309129
-0.878361211496409,-0.36170399525142694,-0.5722525140903061,1.1973639399146645
-0.3762284077296205,-0.24511629093869236,0.38569134822080153,-0.061762818134663625
0.25596513576659974,0.9862522032255658,-0.7779309690098541,9.69699329065129
0.5352988564675736,0.9023475057402703,0.0744172041903135,4.712991047612528
0.7984911355440529,0.3703048342528674,0.10932872209479916,2.8903820316640174
-0.787348832668084,0.43414088803118234,-0.4686648250247518,-2.200305135799531
0.08717276153948239,-0.04403386256310049,-0.6965786808440035,0.47606308772234307
1.0,0.11434120407160941,-0.015037077569544088,4.627331784404178
1.0,0.9763604343630894,0.5559122017163385,13.8516983484816
-1.0,-1.0,1.0,21.85270215786941
-0.4130282878263063,-0.5215319638715978,1.0,0.6103897214126275
-1.0,0.48109351531055156,-0.13456088576371683,-2.4548484626532385
-0.02965356458661983,-0.17748261208573712,0.36722160677652127,-0.05287044637718241
-0.5141448670183268,0.6100480198121416,-1.0,-2.9124523045662727
0.9890978534205623,0.02079504392672371,-0.6326103074969611,5.062349371580589
0.46599995062308786,-0.7945602913775223,-1.0,-11.25565221902752
0.7687940965629634,0.723860653491472,-0.23164286960007607,2.557090417822083
1.0,0.05198883578472446,-1.0,9.130572689307519
-0.8501287169331369,0.20295044786299288,-0.017632874345005822,-3.730724634498047
0.8563726019144846,1.0,0.819702415265875,12.974868290894742
-0.7013231260934913,-1.0,0.08226238174850797,5.371877721029573
-0.6449558263503246,-0.031508549834659894,-0.22726672773348322,-0.9831748791901144
-0.26220202758991573,1.0,1.0,15.034099032990577
-0.24407425361725577,-1.0,-1.0,-15.162255549532219
-1.0,-0.6865886498198597,1.0,13.248292553620402
-0.815599996199251,1.0,-0.6350757902510704,5.0681069704023365
0.6134095401141746,0.8381024063526403,-0.4470752193109313,4.173101783812696
-0.004047113775433209,0.27749043063330436,-0.14858661518668725,1.0835242758207824
-1.0,0.713924678420758,0.7597633781065749,-1.416817825229277
0.04393377228766626,-0.03729599712031151,-0.16553678390347026,0.8789769132257178
1.0,0.019048928709960444,1.0,12.531345818483732
0.8581981857509735,0.7353444338572896,-0.2059473086213699,3.4396782794477163
-0.0682182264439044,0.9006374373232737,-0.7470386559931217,3.4519969738185754
-1.0,0.5372833659782725,0.18693702774028376,-3.415328084781077
-0.3950700819097499,-0.06499056221685584,-0.22960483707170498,0.17449183051105102
-0.0388759060241648,-0.3546587778557295,0.8577010825588072,-0.4387395994715196
1.0,-0.3870070912889372,0.80266871838009,6.888282214975296
-0.519149054823159,-1.0,0.28247744917751416,4.555536457532841
1.0,-0.3925716240718897,-0.1436532519159366,4.440889722496206
0.2853371215449285,0.7017353999439571,0.06675796033055126,1.7809091486628
-1.0,-1.0,1.0,22.169680939010842
-0.15523697571817396,-0.025288915972952575,0.6270738298451306,0.1819603747821152
-0.5361250818520549,0.031050615723084096,0.7555894322095793,-0.39570517768166613
-0.25192914933847166,-1.0,0.7057485498709042,-0.4633284290395925
0.4140221510468416,-1.0,-1.0,-21.270694452545573
0.4251979443905942,-0.010393358149535237,1.0,-0.044713388580831515
-0.30417984216605976,0.9152382712501959,-0.38893368937758277,3.1445407894227873
0.0406364740384082,-1.0,-0.6022512400409792,-1.569114853621299
0.2550787853176908,-0.7399306570046362,0.4017888477254863,0.5113603618510154
0.1293823078505696,-0.1852002310932459,0.458045034622633,0.4900632253495331
1.0,-0.44895313252271074,0.6369367650635531,5.828571206912438
0.15927135957439753,-0.5450390774300973,0.554392158175093,0.7973301556675298
0.11145873466922929,0.0556723318412482,0.14620852969011122,0.5169808528264641
0.02526332335588166,-1.0,-0.2646404710593333,1.4660753184361668
-0.42214229816276383,-0.9404115750721518,0.923727716417492,-1.1309653458065585
0.018772072871153567,1.0,-1.0,4.07878546638906
0.2895136182637712,-0.29721300053792943,-0.10263864579940152,0.9426805067575783
0.6494330257140739,-1.0,-0.16792578896955934,-1.3259469850125356
-0.5561947384898236,-1.0,1.0,-2.0835296799292546
1.0,-1.0,1.0,-9.33769631050556
0.18619088133907802,-0.8178343037571316,1.0,-4.067875329868802
0.035461880220825304,0.9156278644783744,-0.06840154598780557,5.030561216075118
0.3921056691330096,0.3819476811776741,-0.5751571732645506,1.1460978707736589
0.8952849276321659,-1.0,-0.2677127251708593,-6.588890976386253
-0.13796392739621588,-0.8376996949927937,0.8773436741061182,-1.2891285837874147
0.07282360068814975,1.0,0.025021819383845623,8.281030893614544
-0.6894109139590148,0.27281808419570885,0.870349816278434,0.7558746511912198
0.7523024037291621,0.05963607259613779,0.8714873843539588,3.3530083585401904
0.7942461504876188,-0.706507805359613,1.0,-3.276881262353902
-0.45248440649023425,-0.874721808413996,0.33970581701737634,2.8068587684718995
-1.0,1.0,-0.006382938598351595,8.617782043316053
0.38330599432575685,-0.17681558551028487,-0.24817954260632447,1.8268009880182834
0.234521664009816,-0.3090407336145835,-0.38307661559738326,0.5311669260842119
-0.7061587075558378,0.9065991540633922,0.10092043425857256,0.43196125613010533
0.4833357241429306,-0.2637645289693329,-1.0,-3.8441536106080267
-0.42530203281572043,-0.6962529994715927,-0.004383028978144798,1.8449531736304179
-0.6169922729041988,-0.38755261465558677,-0.5894291876819941,1.0138350513246648
0.29577949260531766,0.2518234112145501,0.11556650353596787,1.6815653081273982
-0.652989135988508,-0.16238943442660525,0.06007747079412118,-0.4616389718799991
-1.0,-0.5154301408735276,-0.25562458047443926,-0.6625548248833917
0.9946166005649453,-0.3034115680255356,-1.0,4.23435635082844
-0.6267160300673005,-0.2334018118481287,1.0,2.008339385607706
-0.7716822930129361,0.9118999426316785,0.3735478658739817,-0.41797199598211743
0.12384272425502729,-0.49314913898170576,-0.38369774075554886,1.9658553745395964
1.0,0.6670462838747913,-0.30935583566434777,6.383936217085727
-0.48893804233220095,0.9692337514679672,0.24568892754419847,4.159403718120907
-1.0,-0.5669496228214201,-0.6378032954374104,0.1863754767304239
-0.3265700343535607,-0.6863304382135675,0.6598992633217982,0.004993113706513563
-0.4302480797527142,0.0072455096172117095,-0.8830733923905834,-0.7211586921912458
1.0,0.4812907725467519,-0.2797913385031705,5.5241644149747815
0.8431807388266146,0.3235806659946612,-0.06314105254446423,2.580456908278406
-0.8214075310559525,0.5859807955418195,-0.21148273517622496,-2.196035924629186
-0.28001580907169,-1.0,0.38076720241473216,2.58500526239408
1.0,-0.67168246752572,0.554405246765048,4.129986205968371
0.5703944147001472,0.30410630064753263,0.29480561143469175,2.1347805408120553
-1.0,-0.06731154566010122,1.0,4.158504014064964
-1.0,-0.37784416693639455,0.4761933985390223,-2.3858823948201815
1.0,1.0,-1.0,39.006026310110364
0.9831481292472097,-1.0,1.0,-9.337935856858014
-0.34312494649070335,-1.0,-0.8539283320533966,-7.373523741102514
-0.2349402891400263,-0.7749915454265976,-0.09954890355791046,1.9882528595885975
-0.7618827627750693,-0.39721405666922305,0.24683414426481654,0.9330197968093963
-0.7203014949743471,-0.7501101207751057,-1.0,-1.6996998754548371
-0.23337405612964823,-0.1979066030083998,-1.0,-3.391264496284278
1.0,0.3777903856005025,-0.0570755691757987,5.728567014836369
-0.18457844351095565,-0.41538643275666476,0.45578613076635954,0.5544386150837906
1.0,0.34011890514228993,0.7261797110460122,11.252193919001954
1.0,-0.7592205383880655,-1.0,-5.263336395400693
0.1530449167263579,-0.09728000463881514,-0.9763948552518802,-2.6331462221342163
-1.0,-0.3271438601057646,-0.03989074845297402,-3.02012596421087
0.02410591410980123,-0.047371676846902355,-0.21170837071062554,0.5240397925835718
-0.7862472089223393,-1.0,1.0,5.82665706656911
-1.0,-0.732482907405227,0.7566878526493588,8.609995863934639
0.36360310833035614,0.6089107229225517,0.9490035820205085,3.7495436537937517
-0.38164910241147654,1.0,0.8676869909285461,11.228757339429723
0.27091922240856925,-0.30843830770090186,-0.8145584728367601,0.4273475771575449
-0.3756350235760466,-0.682438376998894,0.7884656924656586,0.5810133777947077
0.37889245325223264,0.9665128286421674,-1.0,4.297174458981424
1.0,-0.4019458105330804,-0.4975591492547484,5.0522887224334285
-0.8829830139553374,-0.015294354735626792,-0.7100210738202135,1.0463835113032933
-0.4996522934975669,0.8485411456534022,-0.36364789415229537,0.3647541753443356
0.14311890008550776,-0.9100928597552165,-0.7910422030553617,-4.604823342020007
0.09678094007412175,-0.9123949355298702,1.0,-4.560214653322458
-1.0,1.0,-0.33518069300456044,10.757232449413294
-0.04304262933107528,1.0,-0.317840078405895,9.17454907202712
0.25805322078677984,-0.30179951197521104,-0.14639875482083986,1.4356319950303358
-0.6372700214324813,-1.0,0.37495390029522424,5.103881954606066
0.11458759124328921,1.0,0.7245709336625128,9.245119350540365
-0.9854642177671358,-1.0,-1.0,2.098082305725417
-0.09445046327969253,0.4712114002279204,-1.0,-4.30161029490682
0.873945511375787,0.9939190069391262,1.0,18.03704337468145
0.33664946219933456,-0.48043503949518995,1.0,-3.3703555597272166
-0.5053545272460926,-1.0,0.9153880503445238,-1.611997543890513
-1.0,0.400982974598757,-1.0,16.34059467467796
-0.5896691619290471,1.0,-0.012419978559442768,5.645788976161167
0.8052209928063596,1.0,0.29620653341416814,8.7241349777761
-1.0,-0.3350221396209778,-0.06190053088609648,-3.537318317617644
0.8058429138190961,0.7341572516466017,0.14819724959590874,3.3813051599730617
0.13746075923512202,0.04777935996859184,0.8649922529978074,1.0238413380332252
0.21257318988483087,-0.49612270240773837,1.0,-2.5196349601525
1.0,0.4148988128043709,0.9803482035701947,19.37159836783512
1.0,-1.0,-0.32900599455233137,-9.156065101781184
-1.0,-0.1711768278898984,1.0,4.2468819847463815
1.0,-0.6383522060924149,-0.37392257827020114,4.035341455979363
-0.12371081614912405,1.0,-0.6278261242498966,8.004025257265456
-0.40021697362777764,0.4368680630196664,-0.11354350000539082,-1.5187235622404756
-0.08820072867432649,0.371664603598133,-1.0,-2.8710144124788455
-0.24106913645777128,-0.5776939300140627,-0.26859651608615254,1.34929886302259
0.8759563261812928,-0.6930504570017513,-0.43749129243784046,2.0569429434093545
-0.1415609137481244,0.8212930117636854,1.0,8.92704513895338
-1.0,-0.44890371223534764,-0.4496882399608635,-2.2034487299563317
-1.0,-0.20258711841749855,0.6543641263197824,-0.94161468193071
1.0,0.16307657428277889,1.0,14.766495929960813
-0.7885065065828345,-1.0,0.8957261906542411,7.191035721699634
-0.6150769283517872,0.5707767800363899,0.8568870759597389,1.391098775402955
0.7256504618735518,-0.7761596722288713,-0.3456434494801359,0.4722293900421964
-0.5378641038426295,-0.9214720714965217,-1.0,-9.378769933130505
0.385732564091845,0.045280340967617905,-0.4600448861024302,1.3072134291985529
0.2498747790506579,-1.0,0.8184455691657246,-3.540371154681549
-0.14879426781625416,-0.19420497576573426,-0.8956882792860628,-0.18151761986375092
-0.49925305108803,0.15248874817093583,0.6501364000075947,-1.0632386983362545
-0.2863882022160278,0.6330350922718486,-0.19684389673772995,-0.8174502932156092
-0.596548510004645,-0.2766398305290141,1.0,1.481858321258704
1.0,-1.0,0.5759243385977053,-5.816526543208938
-0.9298573064196229,-0.644194735796634,0.8870548267783651,7.330695261182347
0.8405521610248596,-0.538026645972213,0.9969849128158639,-0.018179185715668678
1.0,1.0,-0.5589047715020654,21.49235385861375
0.34067450077562444,-0.11452265274934637,-1.0,-4.1764493078705724
-0.4692160932456042,-0.22901604066373604,1.0,1.1412118183524793
-0.9523769274592961,0.1686426243876371,-1.0,10.966723826352997
1.0,-0.06371616653592982,1.0,11.127446368246513
-0.6770275347893973,0.5112801081593124,0.5055874466068102,-2.776875080500555
-0.3178140260715081,0.26097409366062174,-0.03558199413183005,-0.38585727765570454
-0.8142622241794562,-0.9002732825585644,0.9396290802715117,7.966312599372623
0.5079275933125158,-0.0773347758330607,1.0,-1.61316651900967
-1.0,-0.10761195902280041,-0.46016460154613226,-2.127176450965396
-0.016605391722548157,-0.26486640961183117,-0.9501732818272568,-2.381436775838024
0.36327857083879556,-0.7244877509699168,-1.0,-10.13807619622526
-0.4912524304693917,-1.0,0.9391429964231719,-2.1890985027301135
-0.8816722918009263,0.5227553912057681,-0.8873569674446011,3.596645335448865
-0.9965895632960757,-1.0,-0.9634776474413094,2.44858245417875
1.0,1.0,-0.20920335982751426,15.900580687123234
-0.11072283490797563,0.6164054430535855,-0.8924502276834276,-2.792664011780553
0.45923369889022525,-0.27001383043059124,-1.0,-3.9602445250835685
1.0,0.4639813208171404,-1.0,11.805866804846378
0.7549634932518634,-0.9589533882413916,-0.9803768817908232,-21.21009578294074
0.7652645810459473,1.0,1.0,13.398960388324747
0.20622409100521022,0.25513936649223945,0.1315585158082715,0.26999803199431616
-1.0,-1.0,-1.0,2.978147976270771
-0.8905294659306975,0.06588074863764426,-1.0,8.274844679547618
0.9201198084217139,-1.0,0.9089838278228148,-6.119755857797315
1.0,-0.28871164471543964,-1.0,4.047583828167068
-1.0,-0.6807513853511804,-0.5118994160143726,0.7705845741550978
1.0,-0.7812273758946275,0.07881456575028789,0.5919290668744848
0.44804967506065485,0.9937098812455236,-0.25939993139843676,8.476028386377417
-1.0,0.7815718490303134,-0.8370914346205982,10.550582745123856
0.8485602929077918,0.3773898836661784,0.42963065513277954,4.638637776655165
0.33924615588335705,-0.5353386365991466,-0.9026199169026505,-2.5063974877538167
-0.09537372107570374,0.5016847849615715,0.23617424374199958,0.40030953559731075
0.3374038602820262,-0.6154092284172965,-0.25435350181304295,1.1325411519591717
1.0,-1.0,-0.6674399656899876,-13.289563526563118
-0.8252266515568782,-0.08901606066216927,-0.16376492776218843,-1.8369047019959128
0.23951906128478795,0.313529186493519,1.0,1.6919606278508947
-0.16209183571492236,1.0,-0.3167461510249805,8.821681652153242
-0.355187448280619,-0.8509063341120344,0.35643096412439035,1.7259987524434584
0.2738396113185664,-0.5576858335530881,-1.0,-6.724500354869145
1.0,0.49057917776726656,0.6634087675100753,10.731537985777766
0.900813079774536,0.03303610635626031,0.4272746906580045,4.136474811197718
0.24791114614490461,-0.6042029956721489,0.6279718849683442,0.9666444940887144
-0.7843556024588216,0.3637102352972257,-0.7483284108533426,-0.44398888599607034
0.7836572274334288,-1.0,-0.4104504733868648,-4.756350192012949
0.3044213808554235,0.30852458853753717,-0.240358588033329,1.1588412496094762
-0.016727675675325404,-0.8255171200917664,0.2285096546325569,1.6605628973280613
0.34839620568203755,0.22883140406713864,0.11651132463435476,0.8260333636843178
0.9707246601559001,-0.061040773525943504,0.08041001962952543,4.149802422920479
0.21152353286859205,-0.5785617886261782,-1.0,-7.093965764069651
1.0,0.42651432992373617,0.1399727324094322,7.4887730223219675
1.0,1.0,-0.4902267519926251,20.55398790618724
0.3360396274427473,-1.0,0.03290397014998536,0.7446616562018522
0.8414617751826363,-0.6426279960790984,-0.11638085636807771,1.9598342851855155
-0.02586375792824369,-1.0,0.5574895723697757,0.47055338106658495
-0.576842078138557,1.0,-0.9201391634844345,1.2700080611671776
0.016797726566687654,0.39526203974078866,0.22936478826461726,0.630450821558433
0.12573251376788375,0.11721778156092766,-0.3281952692822425,1.2881163231245654
0.9302385895577261,0.9899143247723727,-0.5965027984655424,17.879631350292478
0.11721479057304873,-0.22958983733679017,-0.5134199268273818,1.195443143054198
-0.08196702344368889,0.10135413517631942,0.5194938512738527,0.35565842606260534
1.0,0.01625630491281549,-0.37610534376603577,4.666796156511285
-0.5177424141848166,0.9700382651901762,0.8650370436809793,9.711953853598443
0.1286596073841637,-0.6240442688066472,1.0,-2.7772776368570216
-0.36004876722844203,-0.791637399903506,0.162463382030269,1.8700620702526938
-1.0,0.5027786772749281,-0.27430469690144577,-1.4714453893462662
0.8958858793747995,-0.3472651797132533,-1.0,-0.6866708879036746
1.0,0.7928958244635473,0.8095664894328913,17.67678167580868
-0.19708477975702032,1.0,-0.1926219556509574,8.625454559553727
1.0,-0.5513277672167385,-0.7227939178239013,4.937240178692493
0.5178768845642312,-0.29774553345461996,0.48102105927960825,1.2831197680449054
-0.002637393900805085,1.0,-1.0,3.343353927890589
0.6424883940598145,1.0,0.6267792557458602,7.815625729648707
0.9346731788504319,0.5532772443634562,-0.8135385384731806,6.211020103617771
-0.2927036766064717,0.26843907981508597,-1.0,-3.263933784536464
-1.0,0.5772316357971601,1.0,5.971724510856011
-0.8917434995503828,-0.919975343124593,0.38203438219264285,6.892947093036828
-1.0,-1.0,0.5542342336132524,13.593414192866925
-0.023177531682190278,-1.0,-0.7078535082851365,-3.9607099316844607
0.5389691268107248,1.0,-1.0,7.687075621668853
1.0,0.41929330944247956,1.0,20.45665885827411
0.6163319011763411,-0.13793056553861827,1.0,-0.9889451415779795
-0.047270925742559866,0.3180064877049471,-0.9521460636991488,-2.4051779210427386
0.06788696446886355,0.7635146889760573,-0.41082847916404,1.3472204338613503
0.16638754151165513,-0.6833105787054026,0.9142880668880375,-1.7944236849706845
-0.7130507110051025,-0.42888516982804425,-0.8239949317840773,1.0706447341534768
-1.0,0.3459841488345905,0.8331979645850351,-1.5022739922414114
1.0,-0.8211683939863783,-1.0,-8.903744752841456
0.7100415712048505,-1.0,0.13828218939720416,-2.6385118070213025
0.9936791860721819,-1.0,-1.0,-29.342575824090286
-0.5228599920086257,-1.0,0.11367091456925893,3.516739984605136
-1.0,1.0,-1.0,21.816684039363814
-0.4924561363851112,1.0,1.0,15.742354601670684
-0.16312622253160725,-0.05532676543723447,0.07060055573098056,0.5238325052491573
0.7290423473511041,-0.012723971297126546,-1.0,-1.5595301282155745
0.7065783478353331,-0.5716549973999041,-0.3537874906662477,0.6132368144967277
-0.3774547532894976,1.0,0.385381662236713,6.404774840580591
0.8982223095236432,-1.0,0.07618000862298402,-5.178214455544154
0.8517497539734862,1.0,-0.008829500460342476,10.071779169923706
-0.22026712441256446,0.09668483757657387,-0.5733753327983988,0.29238348049777035
-0.5046782078526528,-0.12065457128717338,-0.28125011386643095,-0.03638199695792807
0.3312123743914215,0.45873125541006066,1.0,2.558200690888031
-0.4074188736535653,-0.22998552749895507,0.4154622823626817,0.9840875361906142
-1.0,-1.0,-0.8031673538185793,3.294648757383939
-0.026681588384869892,-0.1319625435682441,1.0,0.2776493448546925
0.7042814367704004,1.0,1.0,11.463433035403028
-0.9296919965069512,0.10166251039092122,1.0,3.143307058895633
-0.36303167121957536,-1.0,0.43240157183448225,2.2794439316311954
0.16812268000113928,0.16339603852904294,0.009559831188648449,1.347342471828776
-0.3415959297695068,-0.6893007418125867,-1.0,-6.193246118639165
-1.0,-1.0,0.06774894464057257,7.650169660240094
0.17996202753416246,0.33712918060415586,0.06502899866397938,0.6771989835326442
0.43561898530060694,0.0168107787306222,-0.613115280598004,1.9849371568234164
-0.7140938290692902,-0.2751508674718026,-0.3789200270776043,0.22178905278994274
-0.418625700886063,1.0,0.024043432702031575,4.904721448820317
1.0,0.08790765592637628,1.0,13.629580940437982
-1.0,0.20918991397897457,0.3485848692158371,-4.101204389855116
-1.0,-1.0,1.0,22.13218241481239
0.22983712594319838,0.9098817397278578,0.14879773972164112,4.760585185814657
0.13973042824772497,-0.11205625536945107,1.0,-0.5688962785799364
-1.0,-0.15613049600856144,0.6875712114393799,-1.9208849772454473
-1.0,-0.23804809316085684,0.5570836890079631,-2.4903614707579256
0.30121937279049416,-1.0,0.016774138824614537,1.3000712352484285
0.3076274494353042,1.0,0.42903396789280257,7.380023767280895
-0.29946084412925633,-0.2898605582175824,-0.889195271692643,-1.3168274052647033
-0.8293633040561519,0.25125882762426,0.010424159724309101,-2.3737312034913383
-0.6321830581954699,0.9288664215491389,0.260483982626998,2.084735772889373
-1.0,1.0,-0.04413038153945559,7.844215619451633
-0.6045350717398406,0.26918753195901646,-1.0,0.2235022797064209
0.6273095821944534,1.0,-1.0,8.767141161425247
0.32480288922229894,0.15266125308169043,0.9563079027937091,0.5760475024537643
0.08707565404617501,-0.23534282814626972,0.3343812041215053,0.55016034728598
-1.0,1.0,-1.0,21.11396460709932
0.6925053511548989,-0.804119250780515,-0.6489202348648402,-0.8812794902317106
0.6303316566136605,0.8656305017448744,1.0,9.591109824221023
-1.0,0.41482234841949484,-0.6471194698878302,1.7087860966088333
-0.016188223643725852,-0.8175246853230731,0.7283024533785856,-0.42690503254442164
0.5186119480248339,-1.0,-0.5603372765647867,-4.829642930710796
-0.6414836991274921,-0.2727093823200166,1.0,1.7512726141426735
-0.9785114426742318,1.0,-0.80693452630929,12.050257838310015
1.0,0.11332097985753631,0.13667294994596757,5.983851019101061
-0.1765385216812576,-0.15153726999061812,-0.32025393714475947,0.7639033025608689
0.3052495288865602,-0.35698237235997987,-1.0,-5.585317728854849
-0.23695053952307177,0.7101561305559374,1.0,7.1984713150349116
-0.9269843461446357,-0.9954857679261981,0.19143458587537987,8.20827620983687
-0.7493614898827117,0.45126709588550673,0.24092028573620627,-3.384082294797448
-0.7640777623498209,0.39395618454481585,-0.5885518509172898,-1.6817825509123683
0.22233044191399198,0.3007014381468833,0.15136359821166256,0.5542399636967306
0.7036037942440718,-1.0,0.11356688865816755,-2.150339176536386
-0.7901213059119121,-0.5409840959081174,0.3892459792259688,1.5769539867315578
0.13394356535578744,-1.0,0.6039595358297691,0.768646903709402
-0.5578840551731628,1.0,-1.0,-0.43164612372478295
0.8987232241909544,0.7555245003722553,0.07276053094572354,5.874096811167161
-1.0,-0.23736101736298187,-1.0,7.804372039820348
0.38613496585535767,0.8226878781481983,-0.892272408730846,0.8463331866338217
0.17725061530768782,0.26998173323545793,1.0,1.608476795967023
-0.8086663186539866,-0.8087532096933894,-1.0,-0.14233367108021439
0.22997317883081614,-0.15588359891427994,-0.527345874205871,1.039217085870651
-0.47474421167588754,-0.5231552541743296,0.49715828449896216,0.4331201497068032
-0.7149329533361712,0.8617499686873578,-0.462744178552851,-0.28043076424202823
0.30636547270383896,-0.6173048099049121,-0.2784234738348361,1.9426314050866313
0.8699120510164671,0.574423016096383,-1.0,4.704635894862371
-0.6640672003619685,0.03633932699578746,-0.3331801932701368,-0.9166429298549721
-0.8299482340835023,1.0,1.0,16.315884074499184
0.29556404304740647,-0.4058397780620766,-0.22760647236894105,1.2724701548034136
1.0,0.6953239352947371,0.018204834243129797,8.224071830760112
-0.5078250183596271,0.2087756332909465,0.17748509221101716,-1.054604647142778
-0.5558466602267962,0.10684008471224482,-1.0,-0.7250511816456634
-1.0,-0.1768621519522724,0.6053924091132334,-2.7935538369940534
0.3839250685528821,0.0376062069041907,0.6738090808484494,1.0796627470487237
-0.45634770595757757,0.14366274275319224,0.33823016106681947,-0.7147189776161973
0.9803412630132493,-0.657929194478273,1.0,1.762291610631736
-0.7098521113953375,-0.415961424607902,1.0,3.190394389012026
-0.10332256342822466,0.1471576446306504,-0.6001645585142541,-0.579815304006206
-0.35537963044031495,1.0,0.37280299348346024,7.037970498763537
-0.7147744170513026,-0.09089755480770001,1.0,2.7801844367512287
0.24430923785031888,-0.652077354632046,-0.5164188140271491,1.801390337686763
1.0,1.0,1.0,26.064400466537048
0.4285992900429265,0.9682808340398059,0.3492429671116324,6.158801408579935
0.8586714987482471,-1.0,-1.0,-28.1734037865776
-0.5312293595899908,0.6979592061046833,0.21043801608515444,-1.3947604885715617
-0.0660175181858742,-0.03407728226666373,-0.585228551786708,1.3178867078295315
1.0,-0.19698379500430874,1.0,8.152554194667756
0.8843796186076471,-0.1946455822601083,0.98214975256562,3.7804953450604675
-1.0,1.0,-0.022987874993861457,8.359960219287894
-0.2056925284223723,0.6044246343628317,-0.28448282011369197,-0.347308351283662
0.44103238088786,0.5823661189140266,0.08511938279880327,0.6041523764539707
-0.29449765299824393,-0.32730096866575953,0.0035634986180919093,1.2866752404003765
0.3939989901141432,-0.22891354676822395,0.4116038012480594,0.4766537709801396
-0.047317302041780085,-0.22994115646061508,-0.38317720556731527,-0.03637198095048444
-0.013797998010261159,-0.27346009409628325,1.0,-0.8305624366734443
1.0,-0.6803738894226206,0.5084830613395868,1.8931399351050253
0.061943338902492595,-0.20207386202482436,-0.9151355501142697,-1.3664234943511457
-0.017930033154850644,0.7481238801862267,1.0,6.215307922009334
0.885645656601947,0.1311457150736477,1.0,8.915847234944577
-0.768744958496054,-0.5788047199659978,0.8389788405542582,2.8957585644896326
0.8464444181720907,0.6035842210960634,-0.28089741877434826,2.6875045157312294
-0.6149035927247266,-0.8732681208521698,-0.3620541624190139,2.003495509477259
-0.833524996853463,1.0,-0.13115598396872374,5.237435408221931
1.0,-0.5668835674677204,-0.14787023714622793,2.8713252450610898
1.0,0.3329376350352229,0.9321844830696968,16.739047854750137
-0.38813800044357993,-0.6355715881202688,0.02214215045854795,1.120938905053216
1.0,-0.8855213477998438,0.36158959719029093,-1.5017487211022684
-0.9725329434058905,-0.02617962784599892,0.5717136206645677,-3.2332932544851
0.9806418144086562,0.23744193132731173,0.5987776580975923,7.730419419475434
1.0,1.0,-1.0,38.703941168447216
0.9431294737621414,-0.13833369459456568,0.756129964052743,6.320597368404076
0.5992952634253403,-0.07646528732149194,-0.4865241496989543,1.2706888850639755
0.746786332061472,0.9771300061489825,0.6088338592961151,8.336386360560558
-0.37693124231186337,-1.0,0.5038789163193489,2.921778501663493
0.27253044801101156,-0.7959158334339134,0.400061781567963,0.7626161417932326
-0.35507652792597955,-0.5259030058255707,-1.0,-4.150215819451691
-0.3224797932330177,-0.6804435690961053,0.015349187381862528,0.3302194217201886
0.8472383910210195,0.6843756576981275,1.0,14.585813384010194
0.8471085248665464,1.0,-0.21601323451915144,11.038507147936054
-0.8184554561759607,-1.0,-0.08336576256995243,6.024499008314927
0.419917321771899,-0.5310465079674851,-0.19522914768172894,0.5598468629304709
-0.03422289566086567,-0.15920093368216648,-1.0,-3.111356820223434
1.0,0.609860645814214,-1.0,14.707002839536969
0.17423123076334157,1.0,0.059471628808442034,7.951059159467144
1.0,-0.1258356021821454,-0.8015070700074274,7.753324306893698
-0.457774936710327,-0.9208261331393437,0.196925560745433,3.0694169149877553
0.4925700682073775,0.8037984173980928,-1.0,-1.5027337324491157
0.26081002701725464,0.07231471877916107,0.4781090161015682,0.7436858190381194
-0.03740993560365702,0.44866901012633087,-1.0,-4.684784947680272
-1.0,-1.0,-1.0,2.5479410277797325
-1.0,-0.8729169742077183,-1.0,4.5708401272463455
0.0018734100398913878,-0.29524234439757313,0.22182356074743326,1.1377625620349208
0.38914409406632444,-0.44139238944548365,1.0,-3.371703758534989
-0.5301876511387418,0.08294182437450415,-1.0,-0.023215831731477454
0.18048378165439982,-1.0,0.6777883282491448,-1.2675625514068152
1.0,0.2286512973767474,1.0,16.838483666378902
-0.185659381796198,-1.0,1.0,-6.042379916493517
0.38813428742254774,1.0,0.7566797711583426,7.913312070516634
0.256669131776873,-0.06290913641223805,-0.49982040489467594,1.5647695655828666
0.5142199160317602,0.19974317636849892,-0.4755811153732621,1.2015211516101203
1.0,-0.222905888543669,-0.8261536675904555,6.258104950516181
0.3184205656038037,0.5041889108479412,-0.8143852054994245,0.3537079673039042
0.5886444480406161,0.11370962621735403,-0.028869608213718534,1.6556555271094828
-0.25795531521891335,1.0,0.4310953032025844,8.21418460838208
1.0,-0.9301495200158396,-0.32384561451243954,-4.0305070442082656
-1.0,0.7430480274765601,0.2591952031653444,-2.4482055854983638
-0.9515158022449131,-0.032356839689413386,-0.3622210836472288,-1.8288526787994817
-0.03941804164646023,-1.0,-0.19480705574907553,3.048956570948778
0.1680351483561051,0.9640250823707643,1.0,10.35329405716595
-0.773407403395246,0.5079764512535887,1.0,5.54519242332514
-1.0,1.0,0.4666116244915721,2.4435301572449237
-0.33275601741798955,-1.0,0.962222536348545,-4.265191886741575
0.3277720015162211,-0.9737672984610699,0.43449129541467824,0.8146458005052808
0.30339279871588376,0.10339424247730844,-0.8003958740172288,0.6501002596225736
-1.0,0.5838843678276693,-0.35844478251523637,0.42466775506241095
0.6254795657062553,-0.15793077183231485,-0.21885845630341882,1.8591491496443038
-0.2261643825393509,0.7385302752050658,-0.26007539333637086,0.5582006898810528
-0.9529894165297867,-0.47998224098674336,0.786706012696897,3.221243535875363
0.38374936408554694,-1.0,-0.12990970959528414,1.0439716139152677
-0.17290388654877042,0.9376352784609892,-0.5541979580631196,4.688441162465172
0.7419625714410611,-1.0,0.3233325041568269,-2.4021380855703884
-0.042668844263004546,-0.7938539331857264,1.0,-3.0311968044879474
-0.17075894002012992,-0.1476371504541647,-0.4446389649392808,0.1572637336051389
-1.0,-0.05096334897441723,0.6065026489009446,-3.560746555140671
0.1854740341288983,-0.2938275877395067,-0.8060835749757631,0.47212617314745453
-0.3390624425888882,1.0,0.1866942780963987,6.191306356051931
0.18989969266168671,-0.6380809637945963,-1.0,-7.306313098671869
-0.9863219372365486,-1.0,-0.7434924561322018,3.479727927642863
1.0,-0.53638419006791,1.0,4.900950101769455
-0.135774727273279,0.09122665814004138,0.8285809758020912,-0.8940530600917977
1.0,-0.5281937580944263,1.0,4.130160705484534
0.01913380408239118,0.8777273761607933,0.0819728828670574,3.6321397668128617
0.4358199938656684,-0.19661270423530053,1.0,-0.7597065277914836
-0.8345616172523875,-1.0,-0.08042773396158309,6.252798988240553
1.0,0.06112748303419213,-0.0944550939209754,4.250481510371188
-0.4317046709971135,-1.0,0.5630678275255896,1.833001916383183
0.2490906364967207,-0.3613795236552608,-0.14434140665805484,0.048405969252332204
0.20139114704343308,0.12933425352315564,-0.5223576431584243,0.5903200864131231
-0.6499078212992953,0.42870876734138297,0.6723433908458953,-1.1528966461802586
1.0,-0.7633997813585847,0.34218384917937783,1.5376204025240763
1.0,-1.0,0.5412175511547106,-6.541273375729488
0.15699767670149756,0.2520113630608405,0.2720477485340804,0.5863762397566484
-1.0,0.34596154737075,0.15668259650648397,-4.781509243470936
0.9572795477888834,0.01099630356656034,-0.4481949889145158,4.06963278701922
1.0,0.8974327981240642,0.052372846088980296,11.19332137954484
0.5115586057148824,0.5754289508027262,1.0,4.2845991897073015
0.5000850496857803,-0.1932135266008561,0.1317997623226983,1.581299540042629
0.6611476706071693,0.324556879416531,-0.11065273783715601,1.2531280987658129
-0.18987381391380143,0.3534839775300811,0.3441819523171712,-0.5477917849402665
0.9810498680125412,-1.0,0.46520890025633777,-5.9128616964140965
0.4744525417305945,0.7658178957514834,-0.9342882657917149,0.22155937352299832
0.6706183981032614,0.6172570150700105,1.0,7.885208782833236
-1.0,-0.024465197519276005,-0.4318479018449646,-2.6248890382537855
-1.0,-1.0,-0.10953820905725054,6.410223816937618
-1.0,0.9010395322549916,0.2095777309634883,1.7509119942772977
0.8350861144718202,0.43604457432392296,0.31922125818686764,4.74912023179574
1.0,0.9569996529962519,0.08645332998309363,12.257484777613758
-0.2227216085963919,-0.5017376018673945,0.38507361255417494,-0.1698568499661145
0.16656667083836596,-0.3671684308665417,-0.7698326003824925,-0.3298888171642301
-0.9049437418097985,-0.5632654573732885,-0.587465934178536,1.5439769726660078
0.5182121653881802,0.6754149575124677,0.34151653622996037,2.4178260152454984
0.489725586863621,-1.0,-1.0,-22.83966855144422
-1.0,1.0,0.25041119587279237,3.4642943754404065
0.23336154551832244,-0.3616691086830004,-0.11083237766863974,1.518423096890963
-0.07535160621736048,1.0,0.7928119022874585,9.910417774728987
1.0,-0.9035830024290168,-0.2918290830023553,-1.9598333566348045
-1.0,1.0,0.3771794728779565,2.724354226731675
0.18652175109608815,0.6760735890330316,-0.08642386337464414,1.4445959536329824
-0.05809537625201555,0.8454706646891033,0.4353117625273786,3.2666750943136518
0.9907041420134959,-0.22674039255838263,0.15108323947226565,4.3899758212989966
0.6056996767129126,1.0,-0.2206884742871733,9.505349210698428
-0.05153648127553212,-0.434028442944032,0.5007953549415518,0.4153594917725644
-0.11673340689578282,0.7491904118373285,0.6304789337718455,1.809587887653267
0.9531873505997399,-0.059167119899404375,-0.4392192778562678,3.900254568092225
0.371512631272497,-0.6072418799641268,-0.6571913004837846,-0.014850858259484012
-0.006105774142842524,0.6333840094609331,0.47010496571060423,1.030109129596871
-0.48941548091407183,0.6495956616211211,-0.8997962262704975,-2.965951762502334
0.25334416402058935,-0.10093056701943981,1.0,-1.6441424092151373
-0.9806202751383715,-0.38753982080914207,-0.32697899482566095,-2.393130295692639
-0.15405093540817671,-0.1139248966229438,-0.27601687098541516,0.7019546325904642
-0.40056805690985864,0.1335415251098233,-0.33305409412757325,0.18157305404385743
-1.0,-0.4221279769706807,0.5260222082499315,-0.5298139500087715
0.4787631571526092,-1.0,0.40569546775096166,-0.5785721009912184
-0.6883227523352238,-0.892313341472486,-1.0,-5.051118304595597
0.15648516072401653,-0.5804011537640816,-0.8771478674593245,-2.6247832976860326
0.35758554595900205,-0.739180795080266,-1.0,-9.478837171742372
0.25385399759867755,-1.0,-0.737888052779486,-5.832022733353748
-0.07267611036813015,-1.0,1.0,-7.821168216132891
-0.29189501721125644,0.9093141479555842,0.08432730786835929,3.5246144410477616
1.0,1.0,-1.0,39.32715921555729
0.0061952548559229825,1.0,0.6741302167839125,8.94864869822585
0.4706113190498675,-0.7435145104733751,-0.4939506238983604,0.9629160591588299
0.30857274514901145,0.2709957864122787,-0.4818577132516846,1.272678583843366
-0.12416266109414464,0.5685062900802345,-1.0,-4.661179441553534
-0.7817625106322805,-0.430462242716972,1.0,3.3279446097738936
1.0,-0.6733768305792529,-0.6042199389877996,3.8119484872003278
-0.14708714624040975,0.8483019147534885,0.00859215404498559,2.3597130283128447
-0.03414264317244564,0.7376253080020172,-0.22993838707615377,1.1064089602897555
1.0,0.1435300407151321,-0.7309994265001865,6.431252918217862
0.204014225113768,0.19852096865535307,0.08580889014272897,-0.11977848556145465
1.0,-0.6606000948899287,0.37355736013663843,3.102341678589306
-0.8446758994006747,-0.7685011833177535,-1.0,2.2913982840376543
-1.0,0.2421215487007793,0.0826079371388917,-4.834809251957151
-0.3186277074509376,0.8747159729731693,0.14822222940854446,1.735932329468798
0.626960731806371,-1.0,0.21249766089341415,-1.0897922260817952
-1.0,1.0,0.6495267970332461,1.2403015365304417
-0.44637516562025437,-1.0,-1.0,-13.30038294506348
0.2604897920338285,0.39375284995800985,0.35935695539081824,0.8193589229617319
-0.5960314307105696,0.20503409994287436,0.02063916799409915,-1.4171882370709503
-1.0,0.36215811636618,-0.7117730886589861,2.8125139114910533
-1.0,0.4852226097346879,-0.3284785864117825,-1.371995720490629
-0.13363570317887952,-1.0,-0.6689219122664851,-2.8376245119507755
0.6359199597321537,-0.02138111674308596,-0.09041371977101731,2.054672071682615
0.413333189399568,0.5398428485471674,-1.0,-1.4452340168560471
-1.0,1.0,1.0,16.646813360163815
-0.8282055704262643,-0.30229147449161387,0.021942767668832408,-0.5368613344229054
0.6602280547205557,0.28100739211806824,-1.0,-1.2790307649814767
-0.593212886200323,0.6308230240102253,1.0,6.128741685512984
0.8099001488741382,0.9102104728690616,0.21798668713910185,6.179799876305996
-0.6831240582811045,-1.0,1.0,1.3610461194799153
0.40474010549491335,-0.2877315834788392,1.0,-2.2528857343784154
0.4439469975776935,-0.5967750192338208,-1.0,-7.025803159290749
0.13674454617280807,0.34469804347692334,0.1709008347385803,0.07704118855280878
-0.15861272834085605,0.324255831987456,-0.40271806176911906,0.19963238847118042
0.19759397004946355,-0.018691321163058383,-1.0,-3.7962437667224673
-1.0,-0.9145371812105496,0.8496027582651502,15.05917461490125
-1.0,-0.43506277282442185,-0.16885223243611058,-1.7837749909663987
0.6078007636900546,-0.28844308747393765,-0.12654961775137474,1.9871239895271118
1.0,-1.0,0.22760424560738035,-7.861782264421491
-1.0,0.7238958234922717,-0.29717528986999486,1.5138528336837593
-0.5812045233014405,0.9425401347342279,0.46082939228202835,2.3488969713358068
-0.22687192495062347,0.5218901797783175,1.0,4.419170967170125
-1.0,0.5446151207692465,-0.850251670133134,9.006087714354784
-1.0,-0.7410094155112388,-0.12125029049486158,2.164814264155408
-1.0,1.0,0.2638232429843488,4.178941740360015
-0.364289940862885,-0.3765694279621268,-0.6957823430201715,0.538149491477917
0.6107415006255843,1.0,-0.7896772859026078,12.914581764596358
-0.5852652691660281,-1.0,-0.9712181760348848,-9.729988141607116
-0.42692640750703803,0.03228235381374178,0.8274994571047509,-0.11118794947538617
-0.5029162762718598,-0.38913732599405626,-0.6447975640016139,-0.023427480506871712
0.23472622296075274,-1.0,0.5878817240244669,-0.30977499975677203
-0.2793568485966835,0.6033663065004591,-0.4063243037363722,-0.4157151366650451
1.0,-1.0,0.818097636539874,-6.509783553467005
-0.24114398696878814,0.6828847556787612,0.7667974264145934,1.6635252245366863
-0.1536494199094951,0.6718275204092592,0.3422818717264422,-0.12840322061705145
-0.525509586218136,-0.7266950825528977,-0.5649145282174706,1.0114853263805477
0.6769255337048345,0.7438776704047079,0.37086951701905746,3.295180731892704
0.011960158823986156,-1.0,-0.3634591626730699,0.8463202069442163
0.7831719083733228,0.609714002855865,0.6423033086785221,4.697633055664617
1.0,-1.0,0.5177618814101306,-6.273212515801754
0.19597970598284875,1.0,0.825718984924575,9.651242421804959
-1.0,-1.0,-0.6175883948652989,3.8329998207563194
-0.1737425572040785,1.0,0.35062987430046455,7.0051996493616056
-1.0,-1.0,1.0,21.44655639138997
0.47570559358208664,0.5342491816886976,0.68828343323533,1.439958026694822
0.0067525556051817315,-1.0,-1.0,-17.421201075502054
0.8808858445600674,-0.3779980395285636,-0.6049222194901691,2.555585017166722
0.7909541146221162,0.4658107165019789,-0.9712314105893145,1.806876788664966
-0.382169537052494,-0.023624011711359305,0.1546678036502367,-0.4938589968573188
1.0,-0.020286277603558833,0.4005506441079243,5.688580511151806
-1.0,-0.2846643964047997,0.35471894964378325,-2.6816807249226433
-0.5297280856655908,-0.47577392335042257,-1.0,-1.3092117055871033
0.6695401510738486,0.10407074136221661,0.809956971065833,2.1559125512953865
0.019238804588717517,0.7591973302376014,-0.38902928229629485,1.0824585614071065
0.9409758184187982,-0.5640024768420981,0.13859469019717108,1.8614747121257886
-0.4085053348368606,0.019596870142288614,0.1369555131117497,-0.3805319119122642
1.0,-0.951446185445838,1.0,-6.350869426925097
-1.0,1.0,0.13992016944589603,6.097086373295635
0.35299460656823656,-1.0,1.0,-7.4302310716376745
-0.45072556990984824,0.034368618535307816,-1.0,-1.252448324308242
0.5361432238539081,-0.5516757559926599,-0.04823101447928324,1.1942809521770696
0.16845043416627026,1.0,-0.7204607281174213,9.766386717794514
-1.0,-1.0,-0.9345442943011484,2.5880909428210312
0.7609297046654449,1.0,-0.1623231598625854,9.832499602052902
0.006680768374199175,-0.4853898092807931,-0.25692399004751865,2.0422863267651508
-1.0,0.4840284614910164,-0.6366742985801301,2.3252357508821526
1.0,-0.3895539426470025,0.047428775963686665,4.670687635006049
0.22654466842960774,1.0,-0.4976773997771633,9.998050467555256
-1.0,0.7162945782358121,-0.30457410875635205,1.0304686168750228
0.2494457231615308,-1.0,0.6695296267408115,-1.117145435352259
-1.0,-0.3382466281599874,-0.9111401328618765,2.9437488371054945
0.11565246422298903,0.22334843286435735,0.06287090213870794,0.8808430973963389
1.0,-0.4926738032630402,-1.0,1.3569633747118268
-1.0,-0.9717388992752911,-0.2595872613804473,5.899235596898221
0.5197069582984946,0.09269177212809954,-0.9919376122847259,-2.276417540811377
1.0,-0.47296784281259674,-1.0,2.3809308017397637
0.6121615848860391,0.9129234608427788,-0.5204975764088804,6.5583542624976365
-0.25892182705705435,1.0,0.2936027518776503,7.051118780511835
-0.39718065027911176,0.6214188075141196,0.8839439577789816,2.5097361870552306
0.5482461441316853,1.0,-0.21895903136532557,9.264809909877592
-1.0,1.0,0.2933028539973026,2.932932432201803
0.5370707290224559,-0.635905011364069,1.0,-4.508180997704925
-0.13895664233069138,0.9251187998932371,-0.12449358328854498,3.9029726230397346
1.0,-0.9980365274953495,1.0,-9.22200127520611
-0.4964419981207948,-1.0,0.12257731070986866,3.569232108524652
0.04868304047118266,0.29074074301447217,0.9839210483173959,1.4280011041957845
0.7895721086741165,-0.010589734741377255,0.45560912302355816,3.8300010567895213
0.5582488340881779,0.123608096555748,0.4563994285129702,1.1536676429386794
-0.7663688565827769,-1.0,-0.7665123059185797,-0.4983938856885391
-1.0,-0.7177007015277035,-1.0,4.608755538853206
0.4003085882397561,-1.0,-0.6943176960915609,-6.343411559772602
1.0,-0.2368720187904001,-1.0,5.689021412957585
-0.4264269337933442,-1.0,-0.0521742246779362,3.4423445749839883
-0.010057820997441569,1.0,-0.6018064205425708,9.867613879115314
-0.1454586874704702,0.308222292681134,-1.0,-3.2138583632195923
-0.514923093529728,0.34971253079625897,0.0856005628096228,-2.3293798083398234
-1.0,-0.5496992637298079,-0.5305645516715878,-0.03368041005403649
0.18687591198445408,-0.33657303083167767,-0.03041643147861195,1.637112707523405
-1.0,0.08798754092530903,-0.0037785570903030585,-4.627784859478578
0.5820124403100251,-0.9837670539691794,0.5266526383909949,-0.31308593435194176
-0.11091095514232308,0.18661715658450118,-1.0,-3.0544815005499606
0.6175863068546172,-0.2675919660404842,-0.1944571639280841,0.9341863914240645
-0.1949054086250568,0.8392824673571846,0.662929187414381,3.3235889149847146
-0.6319736713999864,-1.0,-0.1955238089623026,4.961673450887982
-0.052915017378929896,0.11599713765663755,0.8705367827226627,-0.20773128188715964
-1.0,0.11803854246614298,-0.4275155096483101,-1.9287413972032617
-0.04444827252111572,1.0,0.33169701932495377,7.598229690022348
-0.4011585399162916,-1.0,-1.0,-13.538899045771075
-0.6956771776111514,-1.0,-0.4641414924367717,2.7077320247531222
0.7194278314160147,1.0,0.9349953885883304,10.772258742127164
-0.4188423326078299,0.003916593561489545,0.9639646506129527,1.108994160167652
-0.8993692107731521,1.0,-0.9780065614995224,8.80117486748111
0.6189903891145856,-1.0,1.0,-6.499610042527851
0.5732224568372992,0.19863681527452903,-0.6836444360106178,0.7840892106028194
0.9742799928819466,-1.0,0.5343233875349716,-5.899791571720621
0.5509554800175935,-1.0,-0.03807644445208891,-1.2550693305067058
0.3728881523904468,0.9062800625113379,-1.0,0.43299617595853107
-0.6496309595851453,-0.05564908509276223,0.9226806684241025,1.0330996495357716
-0.244880204829947,1.0,-1.0,2.6919765750582827
-0.35037069647004637,0.813960424147145,0.15033189755424403,0.7777840214882479
-1.0,0.21418508372089828,1.0,3.089068125916863
0.14237430240630022,0.26196208193246373,-0.7842658017208981,-0.7136373774665956
0.1273742308027701,-0.44395587413522875,-1.0,-4.457178645279324
0.22516337553435406,-1.0,-0.8227625029373109,-9.070413642506946
-1.0,-0.13047739086747012,-0.6393085893596491,-0.42431728834380605
1.0,0.46285774708238847,-1.0,12.360136754302323
0.48395482234270126,0.32120479697155946,0.03198109779258096,2.2114319505571522
0.015109897426705654,0.2984642104777453,0.9800474477742045,1.762082777229212
0.03243618612351118,-0.0704427315848486,-1.0,-4.072969002052908
0.00015856577204043099,0.1917691646893711,-0.08776701161360312,0.20455684814352815
-0.4913265320916511,0.7958634242672222,-0.7623713408330295,-1.4223281597697097
-0.22356450178616316,-1.0,-0.7459983826041343,-5.521752511101443
-0.3094025985636679,-0.04414893449472124,-0.4892146483373252,0.5843069230654511
-0.08805180000341295,-0.3413955591030582,1.0,0.1001916207620428
0.2790435250251253,1.0,-1.0,6.03424213062442
1.0,-0.24554197810495615,0.7353106188546719,7.294282550815097
0.3846133847450237,-1.0,1.0,-7.112252017734779
1.0,0.9347924196466746,-0.022885910691247346,12.2001036233583
-1.0,-0.6864376682953668,0.30430961121395095,2.409121515156549
-0.3147507827294287,-0.5823293877225209,-0.2490505158352636,0.3572018869809366
0.9263121603497357,0.40799712981006,1.0,15.558034756857177
1.0,0.9362329695845584,-0.7695482160046032,20.086144376839744
-0.6412749682433261,-0.12610125727081312,-0.684301634759291,0.7062825989481523
-1.0,-0.7412142667563302,0.41297141007519245,4.005618093441604
0.6074197621090196,-0.32433104680695113,-0.24402036078296496,1.8418378225495906
-0.29401363157336546,-0.20097691837546172,-0.774491008454727,1.1208955057710774
0.13697466632769473,0.33172588577964035,0.22294136477869686,0.20130952443329603
-0.4316509178399548,0.0895509787092017,1.0,1.7826695013785048
0.1696806939419424,-1.0,-0.3900172315938406,0.3665127515487011
-0.3045470779524819,0.5294198796506902,1.0,4.9357749244966795
1.0,-1.0,1.0,-8.786647091548561
0.05047683906046663,0.4903389825062454,-0.54041801995776,-0.35592669190459114
-0.15682535206180725,-0.4541707552504577,1.0,-0.8851162971274824
-1.0,-1.0,-1.0,2.352175928329346
-0.3872495679616552,-0.28985382260345105,-0.1475635178561292,0.5594953526159335
-0.8734420377403682,-1.0,-1.0,-0.6761845772037295
0.412578710714824,0.3032500400045661,-0.5748229125875499,0.6851090913119169
-1.0,-0.364933380210684,1.0,6.098883308655996
-0.9515289857910862,-0.16943082302729096,-0.4348034613254008,-1.146372881948377
-0.08951389313406222,0.85261153527956,0.06747631080021566,2.4819505013698544
0.33281922373554385,-0.7371729110731084,-0.13160702262520219,1.167299507420484
0.5073211176970569,-0.9879432977206879,1.0,-7.551624820307275
0.3076164152015113,1.0,0.12660340745894105,7.8358159032709125
-0.3500119919264979,-0.41561157649428493,-1.0,-2.6356471544163034
-0.0008251683569564516,-0.16811716927230314,1.0,-0.6092498765158679
0.16446003381809415,1.0,1.0,11.436338772660314
-0.8915126987605664,0.47000967532326365,-0.7287113852249532,1.422418604228512
-0.004774114527056783,0.39263747464203336,-0.26572470089603595,0.03928866283743637
-0.069510349040528,-0.9145579330547386,-1.0,-12.02427906104574
-0.9251987845512379,0.3263491380877759,-0.052753378767335324,-3.8692659354341554
0.33830192811586013,0.285417771079137,-1.0,-3.1017861218787077
1.0,-0.27957162711005035,0.016736618136358183,4.094514322757383
1.0,-0.4426324088109914,-0.19911561391696342,3.8054882847961378
0.6507015404172836,-1.0,-0.45345449260496595,-3.3558322757158825
-0.767340588638368,0.463074507186503,-1.0,3.308124991617131
-0.6877116768652269,1.0,-1.0,1.078728971742344
-1.0,0.6740911730617802,-1.0,19.13037981494731
0.28124612164031104,-0.35732139878596225,-0.006412766803745029,1.3051497005048494
-1.0,-0.3533508459637442,-0.8119741696021465,0.9970500306493316
-0.9607171997965447,-1.0,0.10154023567759696,8.071879291576815
0.15425719960068052,-0.19807458642004017,-1.0,-4.177400656847237
-0.5388322239730299,-0.33631933633257094,-0.5512751480840481,0.784694946729303
0.9094844858625315,-0.07581723460860101,1.0,6.822156055988148
0.949836116130786,-1.0,0.7422477188575878,-4.998255019664835
-0.9250345461360745,1.0,-0.6610517708233543,7.856521647542584
-0.984669235166912,0.06217715914636757,0.3293333060742156,-4.17312394807675
1.0,-0.06085988490244332,-0.7318104399177323,6.524850334694567
0.7897294985895509,0.6812216161471427,1.0,11.470844267287632
1.0,0.22570425587221732,0.004382022080736014,5.322114367380848
1.0,0.21225877085142542,0.17393393364126886,6.183536831602755
-1.0,-1.0,-1.0,3.116815823514407
0.32634012678351154,1.0,0.6676624230587132,7.86856810302369
1.0,0.015573105320508818,-1.0,9.131484275893419
-0.38654014297781303,-0.037838555164775745,0.6664964791413763,-0.12093805866465004
-0.9095636567495662,0.9106233378265827,-0.739429565300185,4.0464868510811955
1.0,0.6824223892926846,-0.710635977914706,8.895497756646806
-0.8707653020936219,0.005681473094350409,-0.34002470268171225,-1.232293123509252
-0.15643849041535107,-0.7868221414517798,-0.8865881437006002,-4.825157147475405
-0.4239747889814267,-0.5594332117892029,-0.9920938573867784,-3.340951775137309
0.33242702251954337,-1.0,1.0,-7.690643610768047
0.2978153302673201,0.6164126463944468,1.0,4.384566627784914
-1.0,-1.0,0.8611817458977662,19.832060133845896
0.20230346935624555,0.030310373754701914,-0.12819474598691682,0.9539418526923977
-0.9684853784294551,-0.47112518658629554,-0.052490294466982945,-0.5711481553697488
0.5529313928378425,-1.0,0.49105627838590604,-0.0416012793561481
-0.3166157042226001,0.02153373573826367,0.7911685127859467,0.31310075339582677
0.9730718320237455,0.34824446645111173,0.7636182676118528,10.035713077446038
0.2779639764541115,1.0,-1.0,5.419793528850929
0.08638717809859275,-0.029352326888991698,-0.2532785239390558,1.0928913034495205
-0.08165167822406483,0.43594022796129406,-0.46785619378232113,-0.6086028690595501
0.1825080816126774,-0.5572347574731698,0.9379888172686237,-1.5596455988311513
1.0,0.0919744476063249,-0.2164625256205297,4.984777222668841
0.2789293856952373,0.5232443541288603,-1.0,-3.3610645924719478
0.4967177746603726,0.4824607259898701,-0.617303224249061,0.7848243196494539
-0.09224710397322533,1.0,-0.2772873542341481,9.004388110293275
-1.0,-0.7082137807994322,0.7298097823292657,7.225768147993204
-0.4359732828671312,0.9837955928423014,0.5366047645168679,5.90957317850355
-0.2504787954982397,0.06771009351681911,0.21406415600447093,0.04116804287234381
1.0,0.4214355583156164,0.20282483790325423,7.74429752153038
-0.9969074698182834,-0.5395387008970045,1.0,9.46693597826845
-1.0,-0.8310345118311193,0.5743664069647438,8.58899007320509
0.7861134498754725,1.0,1.0,14.471565021913616
-0.37063728616682456,0.43225296899028987,0.39509316716024556,-0.6345594010327824
0.4656986690581293,-0.6778696503149249,0.8088989059881759,-0.43962838386193565
0.7871369003990232,0.6053246669520655,-0.8565574063244945,2.087009236385758
0.6500949540689509,1.0,-1.0,9.801166924715927
0.14684706931957248,-0.273540086993469,1.0,-1.0278481303033224
0.5971652510798695,-1.0,-1.0,-23.775652784547397
-0.09253482665762802,1.0,0.11326696238168643,6.930544886116617
-0.831498541521903,0.16312621847683983,0.6746722809293693,-1.8844071871865333
-0.1357098078324639,-1.0,-0.2297709389031326,2.5845427917598465
1.0,-0.47708282876454633,-1.0,2.4194178435395535
1.0,0.0033187965270091713,-0.5569675648355772,4.3068947771935
0.07888092443235784,-0.9497128871594929,1.0,-5.23340728564763
1.0,0.027689881745841083,0.8441741000251863,10.196628241152897
-0.24313401945062463,0.1658593888946045,-0.17239116610308014,0.11899912560676625
0.7090452847588871,-0.09727600240589052,-0.1478737722619905,1.152986446944377
1.0,-1.0,0.04255471841197345,-8.19782217567349
0.3451147260308891,0.37667327448345644,-0.06020683762375634,0.5051793404948322
0.11990780030386738,1.0,0.06582772735019415,7.970034150600471
0.7168486769888143,-0.3805567327247634,-0.44165467523751656,0.8242739066277228
0.7476182442751578,1.0,0.3072085469134216,7.262013024498303
-1.0,0.7873865477615036,1.0,10.610255700941831
-0.028651997183122058,0.497693331732864,0.03271606473279909,0.49108103727945135
0.14556945711490576,0.5533430871135803,-0.17265406988104792,0.7694023215465943
0.7536162316578048,-0.19371343814568798,-1.0,-1.901307223967872
-1.0,0.733710383800543,0.1565127331493943,-0.8562664113457302
0.30470813626067894,-0.4765734346622361,-0.6434163200196004,0.562764235413179
0.09280960026376284,-0.619828490083425,-0.33600468780795945,1.5651887775200592
-0.35515906385145746,0.2758901919084278,0.5799955112645279,-0.7397831286439944
-0.6565518439983198,-0.6635919946487772,-0.06517959417491337,2.1801329633893016
-0.9589639885942784,0.4568725321647664,-0.0025970386812816937,-4.546722557247529
-0.03281094521448491,1.0,0.13765072125348077,7.819817391019816
0.07884319027717046,-0.3846508627139069,0.15001194581578448,1.5959832170472843
0.49929835651377497,0.5856384784353663,1.0,4.919448727448857
0.04264014220221002,-0.29646065054534754,0.3052871720326824,0.9177041819679451
-0.2471758160621922,1.0,0.6617880898965245,9.154103977408763
-0.21044059790166214,0.9301414395547525,0.39885235961818943,4.326599382923996
0.05789825409787541,0.16521384488091684,-1.0,-2.6301567554565057
-0.5940230314721375,1.0,0.5385709065232056,5.361761439065731
-0.24304002252525025,0.2196693111530672,-0.6047952252411237,-0.6553454290394487
0.12427092407651497,0.9339803156174,-0.6011049647539113,6.749312988642478
0.11785183922223252,1.0,0.7195288423594621,9.315678351238537
-0.4904075458216337,-0.332106222394454,1.0,1.2384345052720225
-0.18972722463500125,-0.326355282754238,0.15747544975017957,0.7473144328814191
-0.3761268944444882,1.0,0.1965758551457797,5.898137714230653
-1.0,0.4613757281742321,-0.10069801403080558,-2.6767295226152
0.3086420198634161,-0.02519284612588235,0.12527116439842834,0.4213373212570315
-0.46302406843748156,-1.0,0.27247030280784856,3.916944988834327
1.0,0.09228088574839455,0.41443300742612577,6.481513243377542
-1.0,0.6591630716015617,-0.9176514317483098,13.890673845124264
-0.9271880168414535,1.0,-0.6797179314279909,7.787811654454249
0.5930903314661129,0.15725853351122643,-0.2608871947508453,0.9992670183858096
1.0,0.28165253275444324,-0.7521523997556365,6.827879301854397
0.5598804751486777,-0.2667306450209539,-0.27486114582514043,1.656716414769977
-1.0,-1.0,0.283544865228359,10.052932861419793
-0.1693198719782565,-0.0039038180047425985,-0.34522422756529436,0.6501992324657739
0.30645665218135765,-1.0,-1.0,-20.272753232863078
-0.183213195316841,1.0,-0.11495166092799525,7.943690523279685
-0.38392761078310755,-0.8187884607709239,0.39747758220424,2.137428365864763
-0.5974239625891566,0.2940539324160898,-0.3674039280275081,-1.102689636978775
-0.28762590354664685,0.24689477123835935,-1.0,-2.253399425959325
-1.0,0.0054090773583910234,0.7611164917673781,-2.1252492058289736
-0.9729760858406318,1.0,0.1318448298108632,4.986301655407974
0.27770564270671305,0.13892026315007677,0.7951566494380089,0.06876457204358222
-0.253738394978525,0.7690414685262117,-1.0,-3.8506329950477385
0.05912760887203494,1.0,-1.0,4.2326695106686705
-1.0,0.774422275245302,0.09874473851923105,-0.9590117937809299
1.0,-0.29339572673636405,0.4253189108771227,5.250201792870411
-1.0,0.9620306514269665,-1.0,20.667216053374702
-0.38338455367381497,-0.9492683191404363,1.0,-1.775470597767179
-0.6757165191237837,-0.6961962690347108,0.48850667203461606,1.811539458262588
-1.0,-0.6483640620795146,-0.34995707014546396,0.7986558770276673
-0.5771227948825937,-0.1917241970320509,1.0,1.931860499733465
-0.22181733358521405,-0.22033460426676443,0.37431008435919244,1.184242264150244
